Epoch,CPU_Usage(%),RAM_Usage(%),GPU_Usage(%),GPU_Memory_Used(MB),GPU_Power(W),Network_Usage(Bytes),Epoch_Training_Time(s)
1,0.2,55.9,0.0,21272.0,115.751,4786402,82.92061591148376
2,0.0,55.4,0.0,21272.0,130.335,4908364,24.98114252090454
3,0.0,55.5,0.0,21272.0,131.361,5035509,24.860949754714966
